{"$schema":"vscode://schemas/color-theme","name":"ICube Dark","colors":{"icube.colorSnow":"#FFFFFF","icube.colorBlack":"#000000","icube.colorBg1":"#1A1B1D","icube.colorBg2":"#222427","icube.colorBg3":"#2A2D31","icube.colorBg4":"#262626","icube.colorBg5":"#C2CAF21a","icube.diffColorBg3":"#282A2E59","icube.colorBgCode":"#1A1B1D","icube.colorBgTr0":"#E0E2F208","icube.colorBtnHover":"#E0E2F20d","icube.colorBtnHover2":"#E0E2F214","icube.colorBtnTransparent3":"#E0E2F21f","icube.colorBlend":"#C2CAF226","icube.colorTransparent":"#ffffff00","icube.colorWidgetShadow":"#00000029","icube.colorWidgetShadow2":"#00000029","icube.colorBase":"#ccc","icube.colorDefaultText":"#D1D3DB","icube.colorHighlightText":"#F5F9FE","icube.colorGrayText":"#9599A6","icube.colorGrayText2":"#737780","icube.colorDisableText":"#666B75","icube.colorBlackText":"#111314","icube.colorBlackText1":"#000","icube.colorDefaultAvatar":"#DADDE6","icube.colorDefaultAvatarBackground":"#24262B","icube.colorIcon":"#8D93A6","icube.colorLine1":"#E0E2F217","icube.colorLine2":"#E0E2F221","icube.colorLine3":"#E0E2F22E","icube.colorBrand":"#DADDE5","icube.colorBrandHover":"#EDEFF2","icube.colorBrandActive":"#979AA4","icube.colorBrandTransparent":"#E0E2F20D","icube.colorBrandTransparent2":"#E0E2F214","icube.colorBrandTransparent3":"#E0E2F21F","icube.colorStatusRegular":"#387BFF","icube.colorStatusRegularHover":"#4C88FF","icube.colorStatusRegularActive":"#1759DD","icube.colorStatusRegularTransparent":"#3579FF2E","icube.colorStatusRegularTransparent2":"#3579FF47","icube.colorStatusRegularTransparent3":"#3579FF5c","icube.colorSuccess":"#33C192","icube.colorSuccessHover":"#5ED4AD","icube.colorSuccessActive":"#27B082","icube.colorSuccessTransparent":"#00A56E2E","icube.colorSuccessTransparent2":"#00A56E47","icube.colorSuccessTransparent3":"#00A56E5c","icube.colorError":"#F65A5A","icube.colorErrorHover":"#F86262","icube.colorErrorActive":"#AD2020","icube.colorErrorTransparent":"#D02A232E","icube.colorErrorTransparent2":"#D02A2347","icube.colorErrorTransparent3":"#D02A235C","icube.colorWarning":"#DC8730","icube.colorWarningHover":"#F1A03F","icube.colorWarningActive":"#C0701D","icube.colorWarningTransparent":"#DC873029","icube.colorWarningTransparent2":"#DC873047","icube.colorWarningTransparent3":"#DC87305C","icube.colorAlert":"#C2A857","icube.colorAlertHover":"#DEB245","icube.colorAlertActive":"#AB9220","icube.colorAlertTransparent":"#C2A85729","icube.colorAlertTransparent2":"#C2A85747","icube.colorAlertTransparent3":"#C2A8575C","icube.colorErrorTm1":"#CC4B5333","icube.colorSpinLoading":"#2F74FF","icube.colorC1":"#2DD288","icube.colorC2":"#FF9392","icube.colorC3":"#DCB364","icube.colorC4":"#8ACB3A","icube.colorC5":"#04CBE5","icube.colorC6":"#7BB8FF","icube.colorC7":"#EC93FF","icube.colorC8":"#BFA5FF","icube.colorC9":"#AFB9CF","icube.colorDiffToggleBtnBg":"#8D7AFF","icube.textPreformatBackground":"#9D89EB","icube.colorRed1":"#dd373080","icube.colorRed2":"#dd37301a","icube.colorRed3":"#DD3730","icube.colorGreen1":"#016A51","icube.colorDiffBtn1":"#fff","icube.diffInsertedTextBackground":"#26a57b51","icube.colorChatError":"#dd373080","icube.emptyExplorerButtonBgColor":"#C2CAF21A","icube.emptyExplorerButtonTextColor":"#DADDE5","icube.emptyExplorerSplitTextColor":"#737780","icube.emptyExplorerSplitColor":"#DDE2E929","icube.lite.colorBg1":"#25252D","icube.lite.colorBg2":"#1D1C23","icube.lite.colorLine1":"#2E2E38","widget.shadow1":"#00000029","widget.shadow2":"#0000001a","widget.light.shadow1":"#0000000a","widget.light.shadow2":"#00000014","icube.tooltipsTextColor":"#181A1F","icube.ai.disableInputBorderColor":"#C2CAF23D","icube.scrollbarBgColor":"#DDE2E940","icube.scrollbarHoverBgColor":"#DDE2E959","icube.desktopEmptyWorkspaceIconBg":"#C2CAF21A","icube.desktopEmptyWorkspaceHoverBg":"#C2CAF226","icube.blendColor.btnHover.bg2":"#33363e","icube.blendColor.btnTransparent3.bg2":"#434652","icube.primaryButtonForeground":"#000","icube--bg-bg-menu":"#202123","icube--bg-bg-brand":"#32F08C","icube--bg-bg-brand-hover":"#0FDC78","icube--bg-bg-brand-disabled":"#32F08C33","icube--border-border-contrast":"#FFFFFF","icube--border-border-brand":"#32F08C","icube--text-text-brand":"#32F08C","icube--icon-icon-brand":"#32F08C","icube--text-text-brand-hover":"#0FDC78","icube--icon-icon-brand-hover":"#0FDC78","icube--text-text-onbrand":"#0C0C0D","icube--icon-icon-onbrand":"#0C0C0D","icube--text-text-onaccent":"#0C0C0D","icube--icon-icon-onaccent":"#0C0C0D","icube--special-bgtabsoverlay":"#ODOEOF2E"}}