{"$schema":"vscode://schemas/color-theme","name":"Deep Blue","include":"./dark_plus.json","colors":{"icube.colorBg1":"#181D27","icube.colorBg2":"#232A35","icube.colorBg3":"#2E3743","icube.colorBgCode":"#181D27","icube.colorBgTr0":"#B0C0F40A","icube.colorBtnHover":"#B0C0F40F","icube.colorBtnHover2":"#B0C0F417","icube.colorBtnTransparent3":"#B0C0F421","icube.colorLine1":"#B0C0F414","icube.colorLine2":"#B0C0F41F","icube.colorLine3":"#B0C0F42E","icube.colorBrandTransparent":"#B0C0F40F","icube.colorBrandTransparent2":"#B0C0F417","icube.colorBrandTransparent3":"#B0C0F421","icube.blendColor.btnHover.bg2":"#32384a","icube.blendColor.btnTransparent3.bg2":"#3f475d","icube.chatIconBg1":"#fff","icube.chatIconColor1":"#FF4A36","icube--bg-bg-menu":"#1E242F","tab.border":"#B0C0F414","editorCursor.foreground":"#fff","editorLineNumber.foreground":"#979AA4","editorLineNumber.activeForeground":"#E0E3EE","editor.selectionBackground":"#3579FF47","editor.lineHighlightBackground":"#282B3A","editorStickyScrollHover.background":"#282B3A","editorLink.activeForeground":"#4E94CE","textLink.foreground":"#DADDE5","tab.activeBackground":"#B0C0F40F","textLink.activeForeground":"#979AA4","focusBorder":"#00000000","icon.foreground":"#9599A6","titleBar.activeForeground":"#9599A6","foreground":"#D1D3DB","disabledForeground":"#666B75","errorForeground":"#CC4B53","descriptionForeground":"#9599A6","symbolIcon.methodForeground":"#B180D7","editorIndentGuide.background1":"#B0C0F414","editorIndentGuide.activeBackground1":"#B0C0F42E","editorUnnecessaryCode.opacity":"#00000080","diffEditor.insertedLineBackground":"#00A56E47","diffEditor.removedLineBackground":"#D02A2347","diffEditor.insertedTextBackground":"#00A56E47","diffEditor.removedTextBackground":"#D02A2347","editor.background":"#181D27","editor.hoverHighlightBackground":"#264f7840","editor.findMatchHighlightBackground":"#DADDE552","widget.shadow":"#00000029","toolbar.hoverBackground":"#B0C0F40F","toolbar.activeBackground":"#B0C0F417","breadcrumbPicker.background":"#2E3743","editor.tab.background":"#B0C0F40F","button.foreground":"#000","button.background":"#D1D3DB","button.hoverBackground":"#EDEFF2","inputValidation.errorBorder":"#F65A5A","inputValidation.warningBorder":"#DC8730","input.placeholderForeground":"#9599A6","inputOption.activeBorder":"#B0C0F42E","list.activeSelectionBackground":"#B0C0F417","list.activeSelectionForeground":"#F5F9FE","list.inactiveSelectionBackground":"#B0C0F40F","list.inactiveSelectionForeground":"#F5F9FE","list.hoverBackground":"#B0C0F40F","list.highlightForeground":"#DADDE5","list.errorForeground":"#CC4B53","listFilterWidget.background":"#232A35","tree.indentGuidesStroke":"#B0C0F414","tree.inactiveIndentGuidesStroke":"#DDE2E914","menu.border":"#B0C0F414","menu.foreground":"#D1D3DB","menu.background":"#2E3743","menu.selectionForeground":"#F5F9FE","menu.selectionBackground":"#B0C0F417","menu.separatorBackground":"#B0C0F414","sash.hoverBorder":"#32F08C","progressBar.background":"#387BFF","quickInputList.focusBackground":"#B0C0F417","quickInput.background":"#1E242F","quickInput.foreground":"#D1D3DB","quickInputTitle.background":"#232A35","pickerGroup.foreground":"#D1D3DB","pickerGroup.border":"#B0C0F414","search.resultsInfoForeground":"#9599A6","statusBar.background":"#0000","statusBar.noFolderBackground":"#0000","sideBarSectionHeader.background":"#181D27","sideBarSectionHeader.foreground":"#D1D3DB","sideBarSectionHeader.border":"#B0C0F41F","panelTitle.inactiveForeground":"#9599A6","panelTitle.activeForeground":"#F5F9FE","panelSectionHeader.foreground":"#F5F9FE","panelSectionHeader.border":"#B0C0F41F","tab.inactiveBackground":"#17191A","activityBarBadge.background":"#387BFF","activityBarBadge.foreground":"#FFFFFF","settings.headerForeground":"#F5F9FE","settings.modifiedItemIndicator":"#DADDE5","settings.headerBorder":"#B0C0F41F","settings.dropdownBackground":"#2E3743","settings.dropdownBorder":"#B0C0F414","debugToolBar.background":"#232A35","debugIcon.breakpointForeground":"#F65A5A","titleBar.inactiveBackground":"#232A35","titleBar.activeBackground":"#232A35","notifications.background":"#2E3743","activityBar.inactiveForeground":"#9599A6","activityBar.foreground":"#F5F9FE","activityBar.background":"#232A35","tab.inactiveForeground":"#9599A6","tab.unfocusedActiveForeground":"#D1D3DB","sideBar.background":"#181D27","notificationsErrorIcon.foreground":"#F65A5A","notificationsInfoIcon.foreground":"#387BFF","notificationsWarningIcon.foreground":"#DC8730","editorBracketPairGuide.background1":"#B0C0F414","editorBracketPairGuide.background2":"#B0C0F414","editorBracketPairGuide.background3":"#B0C0F414","editorBracketPairGuide.background4":"#B0C0F414","editorBracketPairGuide.background5":"#B0C0F414","editorBracketPairGuide.background6":"#B0C0F414","editorGroupHeader.tabsBackground":"#17191A","tab.activeBorderTop":"#FFFFFF","editorGroupHeader.tabsBorder":"#B0C0F414","tab.activeBorder":"#181D27","editorIndentGuide.background":"#B0C0F414","editorIndentGuide.activeBackground":"#B0C0F42E","list.dropBackground":"#B0C0F40F","panelSectionHeader.background":"#181D27","tab.activeForeground":"#F5F9FE","commandCenter.background":"#B0C0F40F","commandCenter.inactiveBorder":"#B0C0F414","commandCenter.border":"#B0C0F41F","commandCenter.activeBorder":"#B0C0F42E","button.separator":"#ODOEOF2E","input.background":"#B0C0F40A","editor.foreground":"#D1D3DB"}}