{"$schema":"vscode://schemas/color-theme","name":"Light","include":"./light_plus.json","colors":{"editorStickyScrollHover.background":"#5b92ff14","editor.wordHighlightBackground":"#72767B3d","editorBracketMatch.background":"#72767B3d","diffEditor.insertedLineBackground":"#40B08B1f","diffEditorOverview.insertedForeground":"#40B08B2e","diffEditor.removedLineBackground":"#E8463A1f","diffEditorOverview.removedForeground":"#E8463A29","list.errorForeground":"#E8463A","list.activeSelectionIconForeground":"#5B6066","editorLineNumber.activeForeground":"#111214","editorHoverWidget.background":"#FFFFFF","editorHoverWidget.border":"#4D6B9917","widget.border":"#4D6B9917","editorIndentGuide.background":"#4D6B9917","sideBarSectionHeader.border":"#4D6B992e","editorIndentGuide.activeBackground":"#4D6B995c","breadcrumbPicker.background":"#FFFFFF","editorLineNumber.foreground":"#72767B","tab.activeBackground":"#5663771C","textLink.foreground":"#006AB1","textLink.activeForeground":"#387Bff","focusBorder":"#00000000","icon.foreground":"#5B6066","titleBar.activeForeground":"#5B6066","foreground":"#31353A","disabledForeground":"#8A9096","errorForeground":"#CC4B53","descriptionForeground":"#5B6066","symbolIcon.methodForeground":"#B180D7","editorBracketHighlight.foreground1":"#0431FAFF","editorBracketHighlight.foreground2":"#319331FF","editorBracketHighlight.foreground3":"#7B3814FF","editorUnnecessaryCode.opacity":"#00000080","editor.lineHighlightBackground":"#72767B14","diffEditor.insertedTextBackground":"#40B08B2e","diffEditor.removedTextBackground":"#E8463A29","editor.background":"#FFF","editor.hoverHighlightBackground":"#ADD6FF26","editor.findMatchHighlightBackground":"#EA5C0055","editor.selectionBackground":"#2F74FF2e","editorLink.activeForeground":"#36393D","widget.shadow":"#00000014","toolbar.hoverBackground":"#5663771C","toolbar.activeBackground":"#56637726","editor.tab.background":"#5663771C","button.foreground":"#FFF","button.background":"#31353A","button.hoverBackground":"#72767B","inputValidation.errorBorder":"#E8463A","inputValidation.warningBorder":"#B89500","input.placeholderForeground":"#5B6066","inputOption.activeBorder":"#4D6B995c","list.activeSelectionBackground":"#5663771C","list.activeSelectionForeground":"#111214","list.inactiveSelectionBackground":"#5663771C","list.inactiveSelectionForeground":"#111214","list.hoverBackground":"#5663771C","list.highlightForeground":"#0066BF","listFilterWidget.background":"#f3f3f3","tree.indentGuidesStroke":"#4D6B9917","tree.inactiveIndentGuidesStroke":"#DDE2E914","list.dropBackground":"#5663771C","menu.border":"#4D6B9917","menu.foreground":"#616161","menu.background":"#FFFFFF","menu.selectionForeground":"#111214","menu.selectionBackground":"#5663771C","menu.separatorBackground":"#4D6B9917","sash.hoverBorder":"#0FDC78","progressBar.background":"#2F74FF","quickInputList.focusBackground":"#5663771C","quickInput.background":"#F8F9FA","quickInput.foreground":"#31353A","quickInputTitle.background":"#0000000a","pickerGroup.foreground":"#31353A","pickerGroup.border":"#4D6B9917","search.resultsInfoForeground":"#31353A","statusBar.background":"#0000","statusBar.noFolderBackground":"#0000","sideBarSectionHeader.background":"#FFF","sideBarSectionHeader.foreground":"#31353A","panelTitle.inactiveForeground":"#5B6066","panelTitle.activeForeground":"#111214","panelSectionHeader.foreground":"#111214","panelSectionHeader.background":"#FFFFFF","panelSectionHeader.border":"#4D6B992e","tab.inactiveBackground":"#F8F8F9","sideBar.background":"#FFF","activityBarBadge.background":"#2F74FF","activityBarBadge.foreground":"#FFFFFF","settings.headerForeground":"#111214","settings.modifiedItemIndicator":"#36393D","settings.headerBorder":"#4D6B992e","settings.dropdownBackground":"#FFFFFF","settings.dropdownBorder":"#4D6B9917","debugToolBar.background":"#EDEFF2","debugIcon.breakpointForeground":"#CC4B53","titleBar.inactiveBackground":"#EDEFF2","titleBar.activeBackground":"#EDEFF2","notifications.background":"#FFFFFF","activityBar.inactiveForeground":"#5B6066","activityBar.foreground":"#111214","activityBar.background":"#EDEFF2","iCubeNotificationCenter.border":"#4D6B9917","tab.inactiveForeground":"#5B6066","tab.unfocusedActiveForeground":"#31353A","notificationsErrorIcon.foreground":"#E8463A","notificationsInfoIcon.foreground":"#2F74FF","notificationsWarningIcon.foreground":"#E28A00","tab.border":"#4D6B9917","editorGroupHeader.tabsBackground":"#f8f8f9","tab.activeBorderTop":"#000000","editorGroupHeader.tabsBorder":"#4D6B9917","tab.activeBorder":"#FFFFFF","button.separator":"#C1C3CD1F","input.background":"#56637712","editor.foreground":"#31353A"}}