{"$schema":"vscode://schemas/color-theme","name":"ICube Light","colors":{"icube.colorSnow":"#FFFFFF","icube.colorBlack":"#000000","icube.colorBg1":"#FFFFFF","icube.colorBg2":"#EDEFF2","icube.colorBg3":"#FFFFFF","icube.colorBg4":"#E1E1E1","icube.colorBg5":"#4D618014","icube.diffColorBg3":"#E1E1E159","icube.colorBgCode":"#FFFFFF","icube.colorBgTr0":"#56637712","icube.colorBtnHover":"#5663771C","icube.colorBtnHover2":"#56637726","icube.colorBtnTransparent3":"#56637730","icube.colorBlend":"#4D61801f","icube.colorTransparent":"#ffffff00","icube.colorWidgetShadow":"#0000000a","icube.colorWidgetShadow2":"#00000014","icube.colorBase":"#fff","icube.colorDefaultText":"#31353A","icube.colorHighlightText":"#111214","icube.colorGrayText":"#5B6066","icube.colorGrayText2":"#617080","icube.colorDisableText":"#8A9096","icube.colorBlackText":"#111314","icube.colorBlackText1":"#fff","icube.colorDefaultAvatar":"#5B92FF","icube.colorDefaultAvatarBackground":"#1759DD","icube.colorIcon":"#939FB8","icube.colorLine1":"#4D6B9917","icube.colorLine2":"#4D6B992e","icube.colorLine3":"#4D6B995c","icube.colorBrand":"#36393D","icube.colorBrandHover":"#72767B","icube.colorBrandActive":"#1A1B1D","icube.colorBrandTransparent":"#5663771C","icube.colorBrandTransparent2":"#56637726","icube.colorBrandTransparent3":"#56637730","icube.colorStatusRegular":"#2F74FF","icube.colorStatusRegularHover":"#4C88FF","icube.colorStatusRegularActive":"#1759DD","icube.colorStatusRegularTransparent":"#2F74FF1f","icube.colorStatusRegularTransparent2":"#2F74FF2e","icube.colorStatusRegularTransparent3":"#2F74FF5c","icube.colorSuccess":"#26A57B","icube.colorSuccessHover":"#2CA77F","icube.colorSuccessActive":"#1E8B56","icube.colorSuccessTransparent":"#40B08B1f","icube.colorSuccessTransparent2":"#40B08B2e","icube.colorSuccessTransparent3":"#40B08B5c","icube.colorError":"#E8463A","icube.colorErrorHover":"#EA574C","icube.colorErrorActive":"#C9382F","icube.colorErrorTransparent":"#E8463A1f","icube.colorErrorTransparent2":"#E8463A29","icube.colorErrorTransparent3":"#E8463A5c","icube.colorWarning":"#E28A00","icube.colorWarningHover":"#F18C13","icube.colorWarningActive":"#C46F11","icube.colorWarningTransparent":"#E28A001f","icube.colorWarningTransparent2":"#E28A0029","icube.colorWarningTransparent3":"#E28A005c","icube.colorAlert":"#C6A626","icube.colorAlertHover":"#DFB716","icube.colorAlertActive":"#AF8D06","icube.colorAlertTransparent":"#C6A62624","icube.colorAlertTransparent2":"#C6A62633","icube.colorAlertTransparent3":"#C6A6265c","icube.colorErrorTm1":"#CC4B5333","icube.colorSpinLoading":"#2F74FF","icube.colorC1":"#00B983","icube.colorC2":"#FF6B45","icube.colorC3":"#F2A90C","icube.colorC4":"#5FBF00","icube.colorC5":"#00B8F8","icube.colorC6":"#3F85FF","icube.colorC7":"#F53CFF","icube.colorC8":"#9570FF","icube.colorC9":"#747E94","icube.colorDiffToggleBtnBg":"#8D7AFF","icube.textPreformatBackground":"#9D89EB","icube.colorRed1":"#DD3730","icube.colorRed2":"#dd37301a","icube.colorRed3":"#DD3730","icube.colorGreen1":"#00906E","icube.colorDiffBtn1":"#fff","icube.diffInsertedTextBackground":"#26a57b51","icube.colorChatError":"#61616100","icube.emptyExplorerButtonBgColor":"#4D618014","icube.emptyExplorerButtonTextColor":"#333940","icube.emptyExplorerSplitTextColor":"#333940","icube.emptyExplorerSplitColor":"#4D6B9933","icube.lite.colorBg1":"#25252D","icube.lite.colorBg2":"#1D1C23","icube.lite.colorLine1":"#2E2E38","widget.shadow1":"#00000014","widget.shadow2":"#0000001a","widget.light.shadow1":"#0000000a","widget.light.shadow2":"#00000014","icube.tooltipsTextColor":"#FFFFFF","icube.ai.disableInputBorderColor":"#4d6b9966","icube.scrollbarBgColor":"#64646466","icube.scrollbarHoverBgColor":"#64646466","icube.desktopEmptyWorkspaceIconBg":"#4D618014","icube.desktopEmptyWorkspaceHoverBg":"#4d6b991f","icube.primaryButtonForeground":"#FFF","icube.blendColor.btnHover.bg2":"#e0e3e9","icube.blendColor.btnTransparent3.bg2":"#d3d8df","icube--bg-bg-menu":"#F8F9FA","icube--bg-bg-brand":"#0FDC78","icube--bg-bg-brand-hover":"#0AB861","icube--bg-bg-brand-disabled":"#0AB86133","icube--border-border-contrast":"#000000","icube--border-border-brand":"#0FDC78","icube--text-text-brand":"#0AB861","icube--icon-icon-brand":"#0AB861","icube--text-text-brand-hover":"#0FDC78","icube--icon-icon-brand-hover":"#0FDC78","icube--text-text-onbrand":"#0C0C0D","icube--icon-icon-onbrand":"#0C0C0D","icube--text-text-onaccent":"#FFFFFF","icube--icon-icon-onaccent":"#FFFFFF","icube--special-bgtabsoverlay":"#C1C3CD1F"}}